algorithm,dataset_size,n_runs,time_sec_mean,time_sec_sd,recall_mean,recall_sd,rr_mean,rr_sd,pairs_mean,pairs_sd
BlockingPy (gpu_faiss cagra),1500,10,2.9050000000000002,0.3272199396260698,0.9599383667180277,0.0,0.9974987769624194,0.0,2811.0,0.0
BlockingPy (gpu_faiss cagra),15000,10,6.8349,0.6290570456378872,0.9128383604021655,0.00029393540219106333,0.9997237122474832,4.783838871207139e-07,31079.5,53.65786677335046
BlockingPy (gpu_faiss cagra),150000,10,51.0844,0.8019906067612821,0.8266325124982588,0.00015451040755828243,0.9999662597750651,3.923447857202258e-08,379574.4,441.20370704597184
BlockingPy (gpu_faiss flat),1500,10,0.8983000000000001,0.5279436102043054,0.963020030816641,0.0,0.9975138981543251,0.0,2794.0,0.0
BlockingPy (gpu_faiss flat),15000,10,1.6616,0.1649661244686988,0.9133797370456304,0.0,0.9997237949196613,0.0,31070.0,0.0
BlockingPy (gpu_faiss flat),150000,10,22.5107,0.5078648223472222,0.8392174464857837,0.0,0.9999673337377806,0.0,367493.0,0.0
BlockingPy (gpu_faiss ivf),1500,10,0.9085000000000001,0.06152370816739405,0.9449922958397534,0.004238455271859848,0.9971757171447632,0.00010434464511430905,3174.5,117.21229552492441
BlockingPy (gpu_faiss ivf),15000,10,2.3759,0.24382436757268994,0.8666047950502707,0.0035752837113778428,0.9996267688957042,6.25631333950666e-06,41985.1,703.6448678133013
BlockingPy (gpu_faiss ivf),150000,10,71.45750000000001,2.1851873171678267,0.8014270457676176,0.0039048473599139085,0.9999567061913746,1.8299778257228712e-06,487051.5,20587.290946115263
